"name","SOL","$PUFF","$ALL"
"Lucky Dip #17",20.39999999999999,4634.234810191998,12395.819093152995
"Lucky Dip #18",5.999999999999998,1409.548738668001,4216.666666657
"Lucky Dip #19",21.30000000000001,6779.155538853996,19557.717282692007
"Lucky Dip #20",52.700000000000074,32816.297432319996,73260.43785919198
"Lucky Dip #21",7.699999999999995,4660.945842221994,20495.88923284301
"Lucky Dip #22",13.699999999999985,6411.925332994999,28218.55921853698
"Lucky Dip #23",1.5,0,250